DX,Topic_0,Topic_1,Topic_2,Topic_3,Topic_4,Topic_5
AD,0.13002019225819797,0.16595150564136368,0.1896294239435299,0.14124863026328405,0.19674363992456476,0.1764066079690597
DLB,0.16606243343467775,0.12202999668699571,0.16316501372851674,0.22174871156278284,0.16511045132365104,0.16188339326337592
PD,0.14173440609327595,0.11806478705197647,0.17147333321257022,0.2015997503741853,0.18790039721978877,0.17922732604820335
SVAD,0.17896300925844233,0.12506855516135837,0.16855763817942762,0.15332760764728265,0.20843431876896198,0.16564887098452705
